--------------------------------------------------------
--  Arquivo criado - Sábado-Março-12-2016   
--------------------------------------------------------
DROP TABLE "LEANDRO"."BOLETO";
DROP TABLE "LEANDRO"."CONTA";
DROP TABLE "LEANDRO"."EVENTO";
DROP TABLE "LEANDRO"."USUARIO";
DROP SEQUENCE "LEANDRO"."CONTA_SEQUENCE";
--------------------------------------------------------
--  DDL for Sequence CONTA_SEQUENCE
--------------------------------------------------------

   CREATE SEQUENCE  "LEANDRO"."CONTA_SEQUENCE"  MINVALUE 1 MAXVALUE 9999999999999999999999999999 INCREMENT BY 1 START WITH 21 CACHE 20 NOORDER  NOCYCLE ;
--------------------------------------------------------
--  DDL for Table BOLETO
--------------------------------------------------------

  CREATE TABLE "LEANDRO"."BOLETO" 
   (	"CODIGO" VARCHAR2(20 BYTE), 
	"CONTADESTINO" NUMBER, 
	"VALOR" FLOAT(126), 
	"DATAVENCIMENTO" DATE
   ) SEGMENT CREATION IMMEDIATE 
  PCTFREE 10 PCTUSED 40 INITRANS 1 MAXTRANS 255 NOCOMPRESS LOGGING
  STORAGE(INITIAL 65536 NEXT 1048576 MINEXTENTS 1 MAXEXTENTS 2147483645
  PCTINCREASE 0 FREELISTS 1 FREELIST GROUPS 1 BUFFER_POOL DEFAULT FLASH_CACHE DEFAULT CELL_FLASH_CACHE DEFAULT)
  TABLESPACE "SYSTEM" ;
--------------------------------------------------------
--  DDL for Table CONTA
--------------------------------------------------------

  CREATE TABLE "LEANDRO"."CONTA" 
   (	"IDCONTA" NUMBER, 
	"BANCO" VARCHAR2(3 BYTE), 
	"AGENCIA" VARCHAR2(4 BYTE), 
	"NUMCONTA" VARCHAR2(6 BYTE), 
	"SALDO" FLOAT(126), 
	"SENHA" VARCHAR2(6 BYTE), 
	"USUARIO" VARCHAR2(11 BYTE)
   ) SEGMENT CREATION IMMEDIATE 
  PCTFREE 10 PCTUSED 40 INITRANS 1 MAXTRANS 255 NOCOMPRESS LOGGING
  STORAGE(INITIAL 65536 NEXT 1048576 MINEXTENTS 1 MAXEXTENTS 2147483645
  PCTINCREASE 0 FREELISTS 1 FREELIST GROUPS 1 BUFFER_POOL DEFAULT FLASH_CACHE DEFAULT CELL_FLASH_CACHE DEFAULT)
  TABLESPACE "SYSTEM" ;
--------------------------------------------------------
--  DDL for Table EVENTO
--------------------------------------------------------

  CREATE TABLE "LEANDRO"."EVENTO" 
   (	"ID" VARCHAR2(10 BYTE), 
	"DESCRICAO" VARCHAR2(40 BYTE), 
	"VALOR" FLOAT(126), 
	"DATA" DATE, 
	"CONTA" NUMBER, 
	"CONTADESTINO" NUMBER
   ) SEGMENT CREATION IMMEDIATE 
  PCTFREE 10 PCTUSED 40 INITRANS 1 MAXTRANS 255 NOCOMPRESS LOGGING
  STORAGE(INITIAL 65536 NEXT 1048576 MINEXTENTS 1 MAXEXTENTS 2147483645
  PCTINCREASE 0 FREELISTS 1 FREELIST GROUPS 1 BUFFER_POOL DEFAULT FLASH_CACHE DEFAULT CELL_FLASH_CACHE DEFAULT)
  TABLESPACE "SYSTEM" ;
--------------------------------------------------------
--  DDL for Table USUARIO
--------------------------------------------------------

  CREATE TABLE "LEANDRO"."USUARIO" 
   (	"CPF" VARCHAR2(11 BYTE), 
	"NOME" VARCHAR2(20 BYTE)
   ) SEGMENT CREATION IMMEDIATE 
  PCTFREE 10 PCTUSED 40 INITRANS 1 MAXTRANS 255 NOCOMPRESS LOGGING
  STORAGE(INITIAL 65536 NEXT 1048576 MINEXTENTS 1 MAXEXTENTS 2147483645
  PCTINCREASE 0 FREELISTS 1 FREELIST GROUPS 1 BUFFER_POOL DEFAULT FLASH_CACHE DEFAULT CELL_FLASH_CACHE DEFAULT)
  TABLESPACE "SYSTEM" ;
REM INSERTING into LEANDRO.BOLETO
SET DEFINE OFF;
Insert into LEANDRO.BOLETO (CODIGO,CONTADESTINO,VALOR,DATAVENCIMENTO) values ('12121212121212121212','10','200',to_date('21/03/16','DD/MM/RR'));
Insert into LEANDRO.BOLETO (CODIGO,CONTADESTINO,VALOR,DATAVENCIMENTO) values ('11111111111111111111','18','543',to_date('03/02/16','DD/MM/RR'));
REM INSERTING into LEANDRO.CONTA
SET DEFINE OFF;
Insert into LEANDRO.CONTA (IDCONTA,BANCO,AGENCIA,NUMCONTA,SALDO,SENHA,USUARIO) values ('18','005','1111','111111','500','111111','11111111111');
Insert into LEANDRO.CONTA (IDCONTA,BANCO,AGENCIA,NUMCONTA,SALDO,SENHA,USUARIO) values ('10','005','0059','313635','300','111111','14845272750');
Insert into LEANDRO.CONTA (IDCONTA,BANCO,AGENCIA,NUMCONTA,SALDO,SENHA,USUARIO) values ('8','005','0128','293789','100','222222','32482647539');
REM INSERTING into LEANDRO.EVENTO
SET DEFINE OFF;
Insert into LEANDRO.EVENTO (ID,DESCRICAO,VALOR,DATA,CONTA,CONTADESTINO) values ('TR11111111',null,'10',to_date('11/03/16','DD/MM/RR'),'10','8');
Insert into LEANDRO.EVENTO (ID,DESCRICAO,VALOR,DATA,CONTA,CONTADESTINO) values ('TR22222222',null,'10',to_date('11/02/16','DD/MM/RR'),'8','10');
Insert into LEANDRO.EVENTO (ID,DESCRICAO,VALOR,DATA,CONTA,CONTADESTINO) values ('SA11111111',null,'10',to_date('11/01/16','DD/MM/RR'),'10',null);
Insert into LEANDRO.EVENTO (ID,DESCRICAO,VALOR,DATA,CONTA,CONTADESTINO) values ('DE11111111',null,'10',to_date('11/12/15','DD/MM/RR'),'10',null);
Insert into LEANDRO.EVENTO (ID,DESCRICAO,VALOR,DATA,CONTA,CONTADESTINO) values ('SA78723877',null,'10',to_date('11/03/16','DD/MM/RR'),'18',null);
Insert into LEANDRO.EVENTO (ID,DESCRICAO,VALOR,DATA,CONTA,CONTADESTINO) values ('DE60201735',null,'10',to_date('11/03/16','DD/MM/RR'),'18',null);
Insert into LEANDRO.EVENTO (ID,DESCRICAO,VALOR,DATA,CONTA,CONTADESTINO) values ('TR13063962',null,'200',to_date('11/12/10','DD/MM/RR'),'18','10');
Insert into LEANDRO.EVENTO (ID,DESCRICAO,VALOR,DATA,CONTA,CONTADESTINO) values ('DE52473145',null,'200',to_date('11/03/16','DD/MM/RR'),'18',null);
REM INSERTING into LEANDRO.USUARIO
SET DEFINE OFF;
Insert into LEANDRO.USUARIO (CPF,NOME) values ('14845272750','Lucas');
Insert into LEANDRO.USUARIO (CPF,NOME) values ('32482647539','Daniel');
Insert into LEANDRO.USUARIO (CPF,NOME) values ('11111111111','Leandro');
--------------------------------------------------------
--  DDL for Index CONTA_INDEX1
--------------------------------------------------------

  CREATE INDEX "LEANDRO"."CONTA_INDEX1" ON "LEANDRO"."CONTA" ("BANCO") 
  PCTFREE 10 INITRANS 2 MAXTRANS 255 COMPUTE STATISTICS 
  STORAGE(INITIAL 65536 NEXT 1048576 MINEXTENTS 1 MAXEXTENTS 2147483645
  PCTINCREASE 0 FREELISTS 1 FREELIST GROUPS 1 BUFFER_POOL DEFAULT FLASH_CACHE DEFAULT CELL_FLASH_CACHE DEFAULT)
  TABLESPACE "SYSTEM" ;
--------------------------------------------------------
--  DDL for Index CONTA_INDEX2
--------------------------------------------------------

  CREATE INDEX "LEANDRO"."CONTA_INDEX2" ON "LEANDRO"."CONTA" ("AGENCIA") 
  PCTFREE 10 INITRANS 2 MAXTRANS 255 COMPUTE STATISTICS 
  STORAGE(INITIAL 65536 NEXT 1048576 MINEXTENTS 1 MAXEXTENTS 2147483645
  PCTINCREASE 0 FREELISTS 1 FREELIST GROUPS 1 BUFFER_POOL DEFAULT FLASH_CACHE DEFAULT CELL_FLASH_CACHE DEFAULT)
  TABLESPACE "SYSTEM" ;
--------------------------------------------------------
--  DDL for Index CONTA_INDEX3
--------------------------------------------------------

  CREATE INDEX "LEANDRO"."CONTA_INDEX3" ON "LEANDRO"."CONTA" ("NUMCONTA") 
  PCTFREE 10 INITRANS 2 MAXTRANS 255 COMPUTE STATISTICS 
  STORAGE(INITIAL 65536 NEXT 1048576 MINEXTENTS 1 MAXEXTENTS 2147483645
  PCTINCREASE 0 FREELISTS 1 FREELIST GROUPS 1 BUFFER_POOL DEFAULT FLASH_CACHE DEFAULT CELL_FLASH_CACHE DEFAULT)
  TABLESPACE "SYSTEM" ;
--------------------------------------------------------
--  DDL for Index CONTA_PK
--------------------------------------------------------

  CREATE UNIQUE INDEX "LEANDRO"."CONTA_PK" ON "LEANDRO"."CONTA" ("IDCONTA") 
  PCTFREE 10 INITRANS 2 MAXTRANS 255 COMPUTE STATISTICS 
  STORAGE(INITIAL 65536 NEXT 1048576 MINEXTENTS 1 MAXEXTENTS 2147483645
  PCTINCREASE 0 FREELISTS 1 FREELIST GROUPS 1 BUFFER_POOL DEFAULT FLASH_CACHE DEFAULT CELL_FLASH_CACHE DEFAULT)
  TABLESPACE "SYSTEM" ;
--------------------------------------------------------
--  DDL for Index USUARIO_PK
--------------------------------------------------------

  CREATE UNIQUE INDEX "LEANDRO"."USUARIO_PK" ON "LEANDRO"."USUARIO" ("CPF") 
  PCTFREE 10 INITRANS 2 MAXTRANS 255 COMPUTE STATISTICS 
  STORAGE(INITIAL 65536 NEXT 1048576 MINEXTENTS 1 MAXEXTENTS 2147483645
  PCTINCREASE 0 FREELISTS 1 FREELIST GROUPS 1 BUFFER_POOL DEFAULT FLASH_CACHE DEFAULT CELL_FLASH_CACHE DEFAULT)
  TABLESPACE "SYSTEM" ;
--------------------------------------------------------
--  DDL for Index BOLETO_PK
--------------------------------------------------------

  CREATE UNIQUE INDEX "LEANDRO"."BOLETO_PK" ON "LEANDRO"."BOLETO" ("CODIGO") 
  PCTFREE 10 INITRANS 2 MAXTRANS 255 COMPUTE STATISTICS 
  STORAGE(INITIAL 65536 NEXT 1048576 MINEXTENTS 1 MAXEXTENTS 2147483645
  PCTINCREASE 0 FREELISTS 1 FREELIST GROUPS 1 BUFFER_POOL DEFAULT FLASH_CACHE DEFAULT CELL_FLASH_CACHE DEFAULT)
  TABLESPACE "SYSTEM" ;
--------------------------------------------------------
--  DDL for Index EVENTO_PK
--------------------------------------------------------

  CREATE UNIQUE INDEX "LEANDRO"."EVENTO_PK" ON "LEANDRO"."EVENTO" ("ID") 
  PCTFREE 10 INITRANS 2 MAXTRANS 255 COMPUTE STATISTICS 
  STORAGE(INITIAL 65536 NEXT 1048576 MINEXTENTS 1 MAXEXTENTS 2147483645
  PCTINCREASE 0 FREELISTS 1 FREELIST GROUPS 1 BUFFER_POOL DEFAULT FLASH_CACHE DEFAULT CELL_FLASH_CACHE DEFAULT)
  TABLESPACE "SYSTEM" ;
--------------------------------------------------------
--  Constraints for Table CONTA
--------------------------------------------------------

  ALTER TABLE "LEANDRO"."CONTA" MODIFY ("USUARIO" NOT NULL ENABLE);
  ALTER TABLE "LEANDRO"."CONTA" ADD CONSTRAINT "CONTA_PK" PRIMARY KEY ("IDCONTA")
  USING INDEX PCTFREE 10 INITRANS 2 MAXTRANS 255 COMPUTE STATISTICS 
  STORAGE(INITIAL 65536 NEXT 1048576 MINEXTENTS 1 MAXEXTENTS 2147483645
  PCTINCREASE 0 FREELISTS 1 FREELIST GROUPS 1 BUFFER_POOL DEFAULT FLASH_CACHE DEFAULT CELL_FLASH_CACHE DEFAULT)
  TABLESPACE "SYSTEM"  ENABLE;
  ALTER TABLE "LEANDRO"."CONTA" MODIFY ("SENHA" NOT NULL ENABLE);
  ALTER TABLE "LEANDRO"."CONTA" MODIFY ("NUMCONTA" NOT NULL ENABLE);
  ALTER TABLE "LEANDRO"."CONTA" MODIFY ("AGENCIA" NOT NULL ENABLE);
  ALTER TABLE "LEANDRO"."CONTA" MODIFY ("BANCO" NOT NULL ENABLE);
  ALTER TABLE "LEANDRO"."CONTA" MODIFY ("IDCONTA" NOT NULL ENABLE);
--------------------------------------------------------
--  Constraints for Table EVENTO
--------------------------------------------------------

  ALTER TABLE "LEANDRO"."EVENTO" ADD CONSTRAINT "EVENTO_PK" PRIMARY KEY ("ID")
  USING INDEX PCTFREE 10 INITRANS 2 MAXTRANS 255 COMPUTE STATISTICS 
  STORAGE(INITIAL 65536 NEXT 1048576 MINEXTENTS 1 MAXEXTENTS 2147483645
  PCTINCREASE 0 FREELISTS 1 FREELIST GROUPS 1 BUFFER_POOL DEFAULT FLASH_CACHE DEFAULT CELL_FLASH_CACHE DEFAULT)
  TABLESPACE "SYSTEM"  ENABLE;
  ALTER TABLE "LEANDRO"."EVENTO" MODIFY ("CONTA" NOT NULL ENABLE);
  ALTER TABLE "LEANDRO"."EVENTO" MODIFY ("ID" NOT NULL ENABLE);
--------------------------------------------------------
--  Constraints for Table USUARIO
--------------------------------------------------------

  ALTER TABLE "LEANDRO"."USUARIO" ADD CONSTRAINT "USUARIO_PK" PRIMARY KEY ("CPF")
  USING INDEX PCTFREE 10 INITRANS 2 MAXTRANS 255 COMPUTE STATISTICS 
  STORAGE(INITIAL 65536 NEXT 1048576 MINEXTENTS 1 MAXEXTENTS 2147483645
  PCTINCREASE 0 FREELISTS 1 FREELIST GROUPS 1 BUFFER_POOL DEFAULT FLASH_CACHE DEFAULT CELL_FLASH_CACHE DEFAULT)
  TABLESPACE "SYSTEM"  ENABLE;
  ALTER TABLE "LEANDRO"."USUARIO" MODIFY ("CPF" NOT NULL ENABLE);
--------------------------------------------------------
--  Constraints for Table BOLETO
--------------------------------------------------------

  ALTER TABLE "LEANDRO"."BOLETO" ADD CONSTRAINT "BOLETO_PK" PRIMARY KEY ("CODIGO")
  USING INDEX PCTFREE 10 INITRANS 2 MAXTRANS 255 COMPUTE STATISTICS 
  STORAGE(INITIAL 65536 NEXT 1048576 MINEXTENTS 1 MAXEXTENTS 2147483645
  PCTINCREASE 0 FREELISTS 1 FREELIST GROUPS 1 BUFFER_POOL DEFAULT FLASH_CACHE DEFAULT CELL_FLASH_CACHE DEFAULT)
  TABLESPACE "SYSTEM"  ENABLE;
  ALTER TABLE "LEANDRO"."BOLETO" MODIFY ("CODIGO" NOT NULL ENABLE);
--------------------------------------------------------
--  Ref Constraints for Table CONTA
--------------------------------------------------------

  ALTER TABLE "LEANDRO"."CONTA" ADD FOREIGN KEY ("USUARIO")
	  REFERENCES "LEANDRO"."USUARIO" ("CPF") ENABLE;
--------------------------------------------------------
--  Ref Constraints for Table EVENTO
--------------------------------------------------------

  ALTER TABLE "LEANDRO"."EVENTO" ADD FOREIGN KEY ("CONTA")
	  REFERENCES "LEANDRO"."CONTA" ("IDCONTA") ENABLE;
  ALTER TABLE "LEANDRO"."EVENTO" ADD FOREIGN KEY ("CONTADESTINO")
	  REFERENCES "LEANDRO"."CONTA" ("IDCONTA") ENABLE;
